id,title,description
1,smartphone,un bon telephone
2,test,test
3,smartphone,un bon telephone
4,smartphone,un bon telephone
5,smartphone,un bon telephone
6,smartphone,un bon telephone
7,smartphone,un bon telephone
11,smartphone,un bon telephone
12,smartphone,un bon telephone
13,smartphone,un bon telephone
14,smartphone,un bon telephone
15,smartphone,un bon telephone
16,smartphone,un bon telephone
17,smartphone,un bon telephone
18,smartphone,un bon telephone
19,smartphone,un bon telephone
20,smartphone,un bon telephone
21,smartphone,un bon telephone
22,smartphone,un bon telephone
23,smartphone,un bon telephone
24,smartphone,un bon telephone
25,smartphone,un bon telephone
26,smartphone,un bon telephone
27,test,test
28,wiwi,wiwi
29,test,test
30,test,test
31,asus,john doe pc
32,asus,john doe pc
33,asus,john doe pc
34,asus,john doe pc
35,asus,john doe pc
36,asus,john doe pc
37,asus,john doe pc
38,asus,john doe pc
39,asus,john doe pc
40,asus,john doe pc
41,asus,john doe pc
42,asus,john doe pc
43,asus,john doe pc
44,asus,john doe pc
45,asus,john doe pc
46,asus,john doe pc
47,asus,john doe pc
48,asus,john doe pc
49,asus,john doe pc
50,asus,john doe pc
51,asus,john doe pc
53,asus,john doe pc
54,asus,john doe pc
55,asus,john doe pc
56,asus,john doe pc
57,asus,john doe pc
58,asus,john doe pc
59,asus,john doe pc
60,asus,john doe pc
61,asus,john doe pc
62,asus,john doe pc
63,asus,john doe pc
64,asus,john doe pc
65,asus,john doe pc
66,asus,john doe pc
67,asus,john doe pc
68,asus,john doe pc
69,asus,john doe pc
70,asus,john doe pc
71,asus,john doe pc
72,asus,john doe pc
73,asus,john doe pc
74,asus,john doe pc
75,asus,john doe pc
76,asus,john doe pc
77,asus,john doe pc
78,asus,john doe pc
79,asus,john doe pc
80,asus,john doe pc
81,asus,john doe pc
82,asus,john doe pc
83,asus,john doe pc
84,asus,john doe pc
85,asus,john doe pc
86,asus,john doe pc
87,asus,john doe pc
88,asus,john doe pc
89,asus,john doe pc
90,asus,john doe pc
91,asus,john doe pc
92,asus,john doe pc
93,asus,john doe pc
94,asus,john doe pc
95,asus,john doe pc
96,asus,john doe pc
97,asus,john doe pc
98,asus,john doe pc
99,asus,john doe pc
100,asus,john doe pc
101,asus,john doe pc
102,asus,john doe pc
103,asus,john doe pc
104,{{titre}},{{description}}
105,abcd,efg
106,qwerty,azerty
107,test,test
108,test,test
109,{{titre}},{{description}}
110,{{titre}},{{description}}
111,{{titre}},{{description}}
112,guezout,arezki
113,guezout,arezki
114,{{titre}},{{description}}
115,guezout,arezki
116,guezout,arezki
117,asus,john doe pc
118,asus,john doe pc
119,asus,john doe pc
120,dylane8,blabladyl3
121,asus,john doe pc
122,SmartPhone 1,description test1
123,{{title}},{{description}}
124,{{title}},{{description}}
125,{{title}},{{description}}
126,{{title}},{{description}}
127,{{title}},{{description}}
128,{{title}},{{description}}
129,{{title}},{{description}}
130,{{title}},{{description}}
131,{{title}},{{description}}
132,{{title}},{{description}}
133,{{title}},{{description}}
134,{{title}},{{description}}
135,{{title}},{{description}}
136,{{title}},{{description}}
137,{{title}},{{description}}
138,{{title}},{{description}}
139,{{title}},{{description}}
140,{{title}},{{description}}
141,{{title}},{{description}}
142,{{title}},{{description}}
143,{{title}},{{description}}
144,{{title}},{{description}}
145,{{title}},{{description}}
146,{{title}},{{description}}
147,{{title}},{{description}}
148,{{title}},{{description}}
149,{{title}},{{description}}
150,{{title}},{{description}}
151,{{title}},{{description}}
152,{{title}},{{description}}
153,{{title}},{{description}}
154,{{title}},{{description}}
155,{{title}},{{description}}
156,{{title}},{{description}}
157,{{title}},{{description}}
158,{{title}},{{description}}
159,{{title}},{{description}}
160,dylane102,blablas
161,SmartPhone 1,description test1
162,SmartPhone 1,description test1
163,SmartPhone 1,description test1
164,SmartPhone 1,description test1
165,SmartPhone 1,description test1
166,SmartPhone 1,description test1
167,smartphone,un bon telephone
168,test,test
169,dylane102,blablas
170,{{title}},{{description}}
171,test1,description test1
172,test2,description test2
173,test3,description test3
174,dylane102,blablas
175,{{title}},{{description}}
176,smartphone,un bon telephone
177,test,test
178,smartphone,un bon telephone
179,test,test
180,dylane102,blablas
181,smartphone,un bon telephone
182,test,test
183,{{title}},{{description}}
184,{{title}},{{description}}
185,{{title}},{{description}}
186,{{Mohand}},{{Guerda}}
187,test1,description test1
188,test2,description test2
189,test3,description test3
190,dylane102,blablas
191,redme 9,Telephone de mauvaise qualite
192,redme 9,Telephone de mauvaise qualite
193,{{titre}},{{desc}}
194,{{titre}},{{desc}}
195,{{titre}},{{desc}}
196,test1,description test1
197,test2,description test2
198,test3,description test3
199,{{title}},{{description}}
200,{{title}},{{description}}
201,test1,description test1
202,test2,description test2
203,test3,description test3
204,{{title}},{{description}}
205,test1,description1
206,test2,description2
207,{{title}},{{description}}
208,dylane107,blabladyl0
209,test1,description1
210,test2,description2
211,{{title}},{{description}}
212,test1,description1
213,test2,description2
214,test1,description1
215,test2,description2
216,{{title}},{{description}}
217,{{title}},{{description}}
218,{{title}},{{description}}
219,{{title}},{{description}}
220,{{title}},{{description}}
221,{{title}},{{description}}
222,{{title}},{{description}}
223,{{title}},{{description}}
224,{{title}},{{description}}
225,{{title}},{{description}}
226,{{title}},{{description}}
227,{{title}},{{description}}
228,{{title}},{{description}}
229,{{title}},{{description}}
230,{{title}},{{description}}
231,{{title}},{{description}}
232,{{title}},{{description}}
233,{{title}},{{description}}
234,{{title}},{{description}}
235,{{title}},{{description}}
236,{{title}},{{description}}
237,{{title}},{{description}}
238,{{title}},{{description}}
239,{{title}},{{description}}
240,{{title}},{{description}}
241,{{title}},{{description}}
242,{{title}},{{description}}
243,{{title}},{{description}}
244,{{title}},{{description}}
245,{{title}},{{description}}
246,{{title}},{{description}}
247,{{title}},{{description}}
248,{{title}},{{description}}
249,{{title}},{{description}}
250,{{title}},{{description}}
251,{{title}},{{description}}
252,{{title}},{{description}}
253,{{title}},{{description}}
254,{{title}},{{description}}
255,{{title}},{{description}}
256,{{title}},{{description}}
257,{{title}},{{description}}
258,{{title}},{{description}}
259,{{title}},{{description}}
260,{{title}},{{description}}
261,{{title}},{{description}}
262,{{title}},{{description}}
263,{{title}},{{description}}
264,{{title}},{{description}}
265,{{title}},{{description}}
266,{{title}},{{description}}
267,{{title}},{{description}}
268,{{title}},{{description}}
269,{{title}},{{description}}
270,{{title}},{{description}}
271,{{title}},{{description}}
272,{{title}},{{description}}
273,{{title}},{{description}}
274,{{title}},{{description}}
275,{{title}},{{description}}
276,{{title}},{{description}}
277,{{title}},{{description}}
278,{{title}},{{description}}
279,{{title}},{{description}}
280,{{title}},{{description}}
281,{{title}},{{description}}
282,{{title}},{{description}}
283,{{title}},{{description}}
284,{{title}},{{description}}
285,{{title}},{{description}}
286,{{title}},{{description}}
287,{{title}},{{description}}
288,{{title}},{{description}}
289,{{title}},{{description}}
290,{{title}},{{description}}
291,{{title}},{{description}}
292,{{title}},{{description}}
293,{{title}},{{description}}
294,{{title}},{{description}}
295,{{title}},{{description}}
296,{{title}},{{description}}
297,{{title}},{{description}}
298,{{title}},{{description}}
299,{{title}},{{description}}
300,{{title}},{{description}}
301,{{title}},{{description}}
302,{{title}},{{description}}
303,{{title}},{{description}}
304,{{title}},{{description}}
305,{{title}},{{description}}
306,{{title}},{{description}}
307,{{title}},{{description}}
308,{{title}},{{description}}
309,{{title}},{{description}}
310,{{title}},{{description}}
311,{{title}},{{description}}
312,{{title}},{{description}}
313,{{title}},{{description}}
314,{{title}},{{description}}
315,{{title}},{{description}}
316,{{title}},{{description}}
317,{{title}},{{description}}
318,{{title}},{{description}}
319,{{title}},{{description}}
320,{{title}},{{description}}
321,{{title}},{{description}}
322,{{title}},{{description}}
323,{{title}},{{description}}
324,{{title}},{{description}}
325,{{title}},{{description}}
326,{{title}},{{description}}
327,{{title}},{{description}}
328,{{title}},{{description}}
329,{{title}},{{description}}
330,{{title}},{{description}}
331,{{title}},{{description}}
332,{{title}},{{description}}
333,{{title}},{{description}}
334,{{title}},{{description}}
335,{{title}},{{description}}
336,{{title}},{{description}}
337,{{title}},{{description}}
338,{{title}},{{description}}
339,{{title}},{{description}}
340,{{title}},{{description}}
341,{{title}},{{description}}
342,{{title}},{{description}}
343,{{title}},{{description}}
344,{{title}},{{description}}
345,{{title}},{{description}}
346,{{title}},{{description}}
347,{{title}},{{description}}
348,{{title}},{{description}}
349,{{title}},{{description}}
350,{{title}},{{description}}
351,{{title}},{{description}}
352,{{title}},{{description}}
353,{{title}},{{description}}
354,{{title}},{{description}}
355,{{title}},{{description}}
356,{{title}},{{description}}
357,{{title}},{{description}}
358,{{title}},{{description}}
359,{{title}},{{description}}
360,{{title}},{{description}}
361,{{title}},{{description}}
362,{{title}},{{description}}
363,{{title}},{{description}}
364,{{title}},{{description}}
365,{{title}},{{description}}
366,{{title}},{{description}}
367,{{title}},{{description}}
368,{{title}},{{description}}
369,{{title}},{{description}}
370,{{title}},{{description}}
371,{{title}},{{description}}
372,{{title}},{{description}}
373,{{title}},{{description}}
374,{{title}},{{description}}
375,{{title}},{{description}}
376,{{title}},{{description}}
377,{{title}},{{description}}
378,{{title}},{{description}}
379,{{title}},{{description}}
380,{{title}},{{description}}
381,{{title}},{{description}}
382,{{title}},{{description}}
383,{{title}},{{description}}
384,{{title}},{{description}}
385,{{title}},{{description}}
386,{{title}},{{description}}
387,{{title}},{{description}}
388,{{title}},{{description}}
389,{{title}},{{description}}
390,{{title}},{{description}}
391,{{title}},{{description}}
392,{{title}},{{description}}
393,{{title}},{{description}}
394,{{title}},{{description}}
395,{{title}},{{description}}
396,{{title}},{{description}}
397,{{title}},{{description}}
398,{{title}},{{description}}
399,{{title}},{{description}}
400,{{title}},{{description}}
401,{{title}},{{description}}
402,{{title}},{{description}}
403,{{title}},{{description}}
404,{{title}},{{description}}
405,{{title}},{{description}}
406,{{title}},{{description}}
407,{{title}},{{description}}
408,{{title}},{{description}}
409,{{title}},{{description}}
410,{{title}},{{description}}
411,{{title}},{{description}}
412,{{title}},{{description}}
413,{{title}},{{description}}
414,{{title}},{{description}}
415,{{title}},{{description}}
416,{{title}},{{description}}
417,{{title}},{{description}}
418,{{title}},{{description}}
419,{{title}},{{description}}
420,{{title}},{{description}}
421,{{title}},{{description}}
422,{{title}},{{description}}
423,{{title}},{{description}}
424,{{title}},{{description}}
425,{{title}},{{description}}
426,{{title}},{{description}}
427,{{title}},{{description}}
428,{{title}},{{description}}
429,{{title}},{{description}}
430,{{title}},{{description}}
431,{{title}},{{description}}
432,{{title}},{{description}}
433,{{title}},{{description}}
434,{{title}},{{description}}
435,{{title}},{{description}}
436,{{title}},{{description}}
437,{{title}},{{description}}
438,{{title}},{{description}}
439,{{title}},{{description}}
440,{{title}},{{description}}
441,{{title}},{{description}}
442,{{title}},{{description}}
443,{{title}},{{description}}
444,{{title}},{{description}}
445,{{title}},{{description}}
446,{{title}},{{description}}
447,{{title}},{{description}}
448,{{title}},{{description}}
449,{{title}},{{description}}
450,{{title}},{{description}}
451,{{title}},{{description}}
452,{{title}},{{description}}
453,{{title}},{{description}}
454,{{title}},{{description}}
455,{{title}},{{description}}
456,{{title}},{{description}}
457,{{title}},{{description}}
458,{{title}},{{description}}
459,{{title}},{{description}}
460,{{title}},{{description}}
461,{{title}},{{description}}
462,{{title}},{{description}}
463,{{title}},{{description}}
464,{{title}},{{description}}
465,{{title}},{{description}}
466,{{title}},{{description}}
467,{{title}},{{description}}
468,{{title}},{{description}}
469,{{title}},{{description}}
470,{{title}},{{description}}
471,{{title}},{{description}}
472,{{title}},{{description}}
473,{{title}},{{description}}
474,{{title}},{{description}}
475,{{title}},{{description}}
476,{{title}},{{description}}
477,{{title}},{{description}}
478,{{title}},{{description}}
479,{{title}},{{description}}
480,{{title}},{{description}}
481,{{title}},{{description}}
482,{{title}},{{description}}
483,{{title}},{{description}}
484,{{title}},{{description}}
485,{{title}},{{description}}
486,{{title}},{{description}}
487,{{title}},{{description}}
488,{{title}},{{description}}
489,{{title}},{{description}}
490,{{title}},{{description}}
491,{{title}},{{description}}
492,{{title}},{{description}}
493,{{title}},{{description}}
494,{{title}},{{description}}
495,{{title}},{{description}}
496,{{title}},{{description}}
497,{{title}},{{description}}
498,{{title}},{{description}}
499,{{title}},{{description}}
500,{{title}},{{description}}
501,{{title}},{{description}}
502,{{title}},{{description}}
503,{{title}},{{description}}
504,{{title}},{{description}}
505,{{title}},{{description}}
506,{{title}},{{description}}
507,{{title}},{{description}}
508,{{title}},{{description}}
509,{{title}},{{description}}
510,{{title}},{{description}}
511,{{title}},{{description}}
512,{{title}},{{description}}
513,{{title}},{{description}}
514,{{title}},{{description}}
515,{{title}},{{description}}
516,{{title}},{{description}}
517,{{title}},{{description}}
518,{{title}},{{description}}
519,{{title}},{{description}}
520,{{title}},{{description}}
521,{{title}},{{description}}
522,{{title}},{{description}}
523,{{title}},{{description}}
524,{{title}},{{description}}
525,{{title}},{{description}}
526,{{title}},{{description}}
527,{{title}},{{description}}
528,{{title}},{{description}}
529,{{title}},{{description}}
530,{{title}},{{description}}
531,{{title}},{{description}}
532,{{title}},{{description}}
533,{{title}},{{description}}
534,{{title}},{{description}}
535,{{title}},{{description}}
536,{{title}},{{description}}
537,{{title}},{{description}}
538,{{title}},{{description}}
539,{{title}},{{description}}
540,{{title}},{{description}}
541,{{title}},{{description}}
542,{{title}},{{description}}
543,{{title}},{{description}}
544,{{title}},{{description}}
545,{{title}},{{description}}
546,{{title}},{{description}}
547,{{title}},{{description}}
548,{{title}},{{description}}
549,{{title}},{{description}}
550,{{title}},{{description}}
551,{{title}},{{description}}
552,{{title}},{{description}}
553,{{title}},{{description}}
554,{{title}},{{description}}
555,{{title}},{{description}}
556,{{title}},{{description}}
557,{{title}},{{description}}
558,{{title}},{{description}}
559,{{title}},{{description}}
560,{{title}},{{description}}
561,{{title}},{{description}}
562,{{title}},{{description}}
563,{{title}},{{description}}
564,{{title}},{{description}}
565,{{title}},{{description}}
566,{{title}},{{description}}
567,{{title}},{{description}}
568,{{title}},{{description}}
569,{{title}},{{description}}
570,{{title}},{{description}}
571,{{title}},{{description}}
572,{{title}},{{description}}
573,{{title}},{{description}}
574,{{title}},{{description}}
575,{{title}},{{description}}
576,{{title}},{{description}}
577,{{title}},{{description}}
578,{{title}},{{description}}
579,{{title}},{{description}}
580,{{title}},{{description}}
581,{{title}},{{description}}
582,{{title}},{{description}}
583,{{title}},{{description}}
584,{{title}},{{description}}
585,{{title}},{{description}}
586,{{title}},{{description}}
587,{{title}},{{description}}
588,{{title}},{{description}}
589,{{title}},{{description}}
590,{{title}},{{description}}
591,{{title}},{{description}}
592,{{title}},{{description}}
593,{{title}},{{description}}
594,{{title}},{{description}}
595,{{title}},{{description}}
596,{{title}},{{description}}
597,{{title}},{{description}}
598,{{title}},{{description}}
599,{{title}},{{description}}
600,{{title}},{{description}}
601,{{title}},{{description}}
602,{{title}},{{description}}
603,{{title}},{{description}}
604,{{title}},{{description}}
605,{{title}},{{description}}
606,{{title}},{{description}}
607,{{title}},{{description}}
608,{{title}},{{description}}
609,{{title}},{{description}}
610,{{title}},{{description}}
611,smartphone,un bon telephone
612,test,test
